{
  "sample_range": 1.2,
  "model_func": "define_daisy_ex3_model_4D",
  "p_center": [
    0.23505622974343754,
    0.2913699842022198,
    0.5193991329838356,
    0.5713598669175428
  ],
  "p_true": [
    0.2,
    0.3,
    0.5,
    0.6
  ],
  "dimension": 4,
  "basis": "chebyshev",
  "GN": 16,
  "domain_range": 1.2,
  "time_interval": [
    0.0,
    10.0
  ],
  "ic": [
    1.0,
    2.0,
    1.0,
    1.0
  ],
  "num_points": 25,
  "experiment_id": 3,
  "degree_range": [
    4,
    12
  ]
}
