{
  "sample_range": 0.8,
  "model_func": "define_daisy_ex3_model_4D",
  "p_center": [
    0.17331209840089767,
    0.29724142552424987,
    0.46530308161425216,
    0.6240056249581452
  ],
  "p_true": [
    0.2,
    0.3,
    0.5,
    0.6
  ],
  "dimension": 4,
  "basis": "chebyshev",
  "GN": 16,
  "domain_range": 0.8,
  "time_interval": [
    0.0,
    10.0
  ],
  "ic": [
    1.0,
    2.0,
    1.0,
    1.0
  ],
  "num_points": 25,
  "experiment_id": 2,
  "degree_range": [
    4,
    12
  ]
}
